version,model_name,selection_source_file,evaluation_source_file,selection_split,evaluation_split,selection_mode,min_recall,selection_note,best_threshold,selection_accuracy,selection_precision,selection_recall,selection_f1,selection_tn,selection_fp,selection_fn,selection_tp,accuracy,precision,recall,f1,tn,fp,fn,tp
v1,LogisticRegression,results_standard_research_clean_smote\v1\LogisticRegression_validation_predictions.csv,results_standard_research_clean_smote\v1\LogisticRegression_test_predictions.csv,validation,test,max_f1,0.85,Selected threshold with maximum fraud F1 over the threshold grid.,0.71,0.9554186625598768,0.9588087631218621,0.67224,0.7903498871331829,87136,361,4097,8403,0.9543486304589137,0.9597867655580021,0.66256,0.7839462350324199,87150,347,4218,8282
v1,DecisionTree,results_standard_research_clean_smote\v1\DecisionTree_validation_predictions.csv,results_standard_research_clean_smote\v1\DecisionTree_test_predictions.csv,validation,test,max_f1,0.85,Selected threshold with maximum fraud F1 over the threshold grid.,0.41,0.960978829364881,0.9666739036039947,0.7124,0.8202837140751659,87190,307,3595,8905,0.9607288218646559,0.9680096080358118,0.70928,0.8186896901980701,87204,293,3634,8866
v1,RandomForest,results_standard_research_clean_smote\v1\RandomForest_validation_predictions.csv,results_standard_research_clean_smote\v1\RandomForest_test_predictions.csv,validation,test,max_f1,0.85,Selected threshold with maximum fraud F1 over the threshold grid.,0.63,0.961858855765673,0.9975939505041247,0.69656,0.8203316374599584,87476,21,3793,8707,0.9615988479654389,0.9970156106519743,0.69488,0.8189703941165378,87471,26,3814,8686
v1,XGBoost,results_standard_research_clean_smote\v1\XGBoost_validation_predictions.csv,results_standard_research_clean_smote\v1\XGBoost_test_predictions.csv,validation,test,max_f1,0.85,Selected threshold with maximum fraud F1 over the threshold grid.,0.44,0.961508845265358,0.9845412792651507,0.70312,0.8203668269006393,87359,138,3711,8789,0.9613188395651869,0.9853801169590644,0.70096,0.8191847419596111,87367,130,3738,8762
v1,CatBoost,results_standard_research_clean_smote\v1\CatBoost_validation_predictions.csv,results_standard_research_clean_smote\v1\CatBoost_test_predictions.csv,validation,test,max_f1,0.85,Selected threshold with maximum fraud F1 over the threshold grid.,0.44,0.961668850065502,0.9896056942718336,0.70072,0.8204767926560816,87405,92,3741,8759,0.9613988419652589,0.9895738893925657,0.69856,0.8189833051960232,87405,92,3768,8732
v2,LogisticRegression,results_standard_research_clean_smote\v2\LogisticRegression_validation_predictions.csv,results_standard_research_clean_smote\v2\LogisticRegression_test_predictions.csv,validation,test,max_f1,0.85,Selected threshold with maximum fraud F1 over the threshold grid.,0.7,0.9568087042611279,0.9598650927487352,0.68304,0.7981304043000701,87140,357,3962,8538,0.9554686640599218,0.9597760255970746,0.67192,0.7904569196743683,87145,352,4101,8399
v2,DecisionTree,results_standard_research_clean_smote\v2\DecisionTree_validation_predictions.csv,results_standard_research_clean_smote\v2\DecisionTree_test_predictions.csv,validation,test,max_f1,0.85,Selected threshold with maximum fraud F1 over the threshold grid.,0.41,0.960978829364881,0.9666739036039947,0.7124,0.8202837140751659,87190,307,3595,8905,0.9607388221646649,0.9681153090194365,0.70928,0.8187274909963986,87205,292,3634,8866
v2,RandomForest,results_standard_research_clean_smote\v2\RandomForest_validation_predictions.csv,results_standard_research_clean_smote\v2\RandomForest_test_predictions.csv,validation,test,max_f1,0.85,Selected threshold with maximum fraud F1 over the threshold grid.,0.62,0.961898856965709,1.0,0.6952,0.8201982067012742,87497,0,3810,8690,0.961708851265538,1.0,0.69368,0.8191393887865476,87497,0,3829,8671
v2,XGBoost,results_standard_research_clean_smote\v2\XGBoost_validation_predictions.csv,results_standard_research_clean_smote\v2\XGBoost_test_predictions.csv,validation,test,max_f1,0.85,Selected threshold with maximum fraud F1 over the threshold grid.,0.43,0.96148884466534,0.9842122942559623,0.7032,0.8203070318697214,87356,141,3710,8790,0.9612788383651509,0.986248872858431,0.7,0.8188283735728992,87375,122,3750,8750
v2,CatBoost,results_standard_research_clean_smote\v2\CatBoost_validation_predictions.csv,results_standard_research_clean_smote\v2\CatBoost_test_predictions.csv,validation,test,max_f1,0.85,Selected threshold with maximum fraud F1 over the threshold grid.,0.44,0.961468844065322,0.9843172398342108,0.70296,0.82018014654408,87357,140,3713,8787,0.961138834165025,0.9857884051432438,0.6992,0.8181222503042216,87371,126,3760,8740
v3,LogisticRegression,results_standard_research_clean_smote\v3\LogisticRegression_validation_predictions.csv,results_standard_research_clean_smote\v3\LogisticRegression_test_predictions.csv,validation,test,max_f1,0.85,Selected threshold with maximum fraud F1 over the threshold grid.,0.71,0.964858945768373,0.9887946040034813,0.72712,0.8380047943942468,87394,103,3411,9089,0.963958918767563,0.9881474978050921,0.72032,0.8332407921525078,87389,108,3496,9004
v3,DecisionTree,results_standard_research_clean_smote\v3\DecisionTree_validation_predictions.csv,results_standard_research_clean_smote\v3\DecisionTree_test_predictions.csv,validation,test,max_f1,0.85,Selected threshold with maximum fraud F1 over the threshold grid.,0.55,0.9699990999729992,0.9998947589981056,0.76008,0.8636487592037088,87496,1,2999,9501,0.9696790903727112,1.0,0.75744,0.8619810633648944,87497,0,3032,9468
v3,RandomForest,results_standard_research_clean_smote\v3\RandomForest_validation_predictions.csv,results_standard_research_clean_smote\v3\RandomForest_test_predictions.csv,validation,test,max_f1,0.85,Selected threshold with maximum fraud F1 over the threshold grid.,0.49,0.9700091002730082,0.9981126140295691,0.76152,0.863910695648228,87479,18,2981,9519,0.9696190885726572,0.9982097725358046,0.75832,0.8618839789052555,87480,17,3021,9479
v3,XGBoost,results_standard_research_clean_smote\v3\XGBoost_validation_predictions.csv,results_standard_research_clean_smote\v3\XGBoost_test_predictions.csv,validation,test,max_f1,0.85,Selected threshold with maximum fraud F1 over the threshold grid.,0.51,0.9700391011730352,0.9982176556930175,0.76168,0.8640529993647337,87480,17,2979,9521,0.9695590867726032,0.997893850042123,0.75808,0.861611202036734,87477,20,3024,9476
v3,CatBoost,results_standard_research_clean_smote\v3\CatBoost_validation_predictions.csv,results_standard_research_clean_smote\v3\CatBoost_test_predictions.csv,validation,test,max_f1,0.85,Selected threshold with maximum fraud F1 over the threshold grid.,0.43,0.9696990909727292,0.9958115183246073,0.7608,0.8625850340136054,87457,40,2990,9510,0.9692490774723241,0.9958960328317373,0.75712,0.8602463300459028,87458,39,3036,9464
v4,LogisticRegression,results_standard_research_clean_smote\v4\LogisticRegression_validation_predictions.csv,results_standard_research_clean_smote\v4\LogisticRegression_test_predictions.csv,validation,test,max_f1,0.85,Selected threshold with maximum fraud F1 over the threshold grid.,0.76,0.96318889566687,0.9617761022096555,0.73472,0.8330536532269036,87132,365,3316,9184,0.962268868066042,0.9604305159860715,0.72816,0.828320516904036,87122,375,3398,9102
v4,DecisionTree,results_standard_research_clean_smote\v4\DecisionTree_validation_predictions.csv,results_standard_research_clean_smote\v4\DecisionTree_test_predictions.csv,validation,test,max_f1,0.85,Selected threshold with maximum fraud F1 over the threshold grid.,0.54,0.9700091002730082,1.0,0.76008,0.8636880141811736,87497,0,2999,9501,0.9696590897726932,1.0,0.75728,0.861877446963489,87497,0,3034,9466
v4,RandomForest,results_standard_research_clean_smote\v4\RandomForest_validation_predictions.csv,results_standard_research_clean_smote\v4\RandomForest_test_predictions.csv,validation,test,max_f1,0.85,Selected threshold with maximum fraud F1 over the threshold grid.,0.48,0.9699490984729542,0.9968602825745683,0.762,0.8637497166175471,87467,30,2975,9525,0.9696490894726841,0.997059132444071,0.75944,0.862177012851369,87469,28,3007,9493
v4,XGBoost,results_standard_research_clean_smote\v4\XGBoost_validation_predictions.csv,results_standard_research_clean_smote\v4\XGBoost_test_predictions.csv,validation,test,max_f1,0.85,Selected threshold with maximum fraud F1 over the threshold grid.,0.47,0.9700391011730352,0.9985312631137222,0.76144,0.8640159767610749,87483,14,2982,9518,0.9695290858725761,0.9979981034664419,0.75776,0.8614433177208859,87478,19,3028,9472
v4,CatBoost,results_standard_research_clean_smote\v4\CatBoost_validation_predictions.csv,results_standard_research_clean_smote\v4\CatBoost_test_predictions.csv,validation,test,max_f1,0.85,Selected threshold with maximum fraud F1 over the threshold grid.,0.44,0.9699490984729542,0.9979024646040902,0.7612,0.8636260494667574,87477,20,2985,9515,0.9695490864725942,0.9977887754027588,0.75808,0.8615720325498931,87476,21,3024,9476
v5,LogisticRegression,results_standard_research_clean_smote\v5\LogisticRegression_validation_predictions.csv,results_standard_research_clean_smote\v5\LogisticRegression_test_predictions.csv,validation,test,max_f1,0.85,Selected threshold with maximum fraud F1 over the threshold grid.,0.76,0.963178895366861,0.9614821017374922,0.73488,0.8330461594268613,87129,368,3314,9186,0.96218886566597,0.9596204533473907,0.72816,0.8280191039345007,87114,383,3398,9102
v5,DecisionTree,results_standard_research_clean_smote\v5\DecisionTree_validation_predictions.csv,results_standard_research_clean_smote\v5\DecisionTree_test_predictions.csv,validation,test,max_f1,0.85,Selected threshold with maximum fraud F1 over the threshold grid.,0.54,0.9700091002730082,1.0,0.76008,0.8636880141811736,87497,0,2999,9501,0.9696590897726932,1.0,0.75728,0.861877446963489,87497,0,3034,9466
v5,RandomForest,results_standard_research_clean_smote\v5\RandomForest_validation_predictions.csv,results_standard_research_clean_smote\v5\RandomForest_test_predictions.csv,validation,test,max_f1,0.85,Selected threshold with maximum fraud F1 over the threshold grid.,0.49,0.9699390981729452,0.996963986599665,0.76184,0.8636858334844912,87468,29,2977,9523,0.9696390891726752,0.9973722934622661,0.75912,0.8620877623330607,87472,25,3011,9489
v5,XGBoost,results_standard_research_clean_smote\v5\XGBoost_validation_predictions.csv,results_standard_research_clean_smote\v5\XGBoost_test_predictions.csv,validation,test,max_f1,0.85,Selected threshold with maximum fraud F1 over the threshold grid.,0.45,0.9700191005730172,0.997799664710813,0.76184,0.8639992741789149,87476,21,2977,9523,0.9695390861725852,0.9977885425442291,0.758,0.8615202764138935,87476,21,3025,9475
v5,CatBoost,results_standard_research_clean_smote\v5\CatBoost_validation_predictions.csv,results_standard_research_clean_smote\v5\CatBoost_test_predictions.csv,validation,test,max_f1,0.85,Selected threshold with maximum fraud F1 over the threshold grid.,0.45,0.9699890996729902,0.9985304922850845,0.76104,0.8637581150406319,87483,14,2987,9513,0.9696090882726481,0.9984195553682436,0.75808,0.8618071029057341,87482,15,3024,9476
